<?xml version="1.0" encoding="UTF-8"?>
<project-private xmlns="http://www.netbeans.org/ns/project-private/1">
    <editor-bookmarks xmlns="http://www.netbeans.org/ns/editor-bookmarks/2" lastBookmarkId="1">
        <file>
            <url>src/java/model/DAO/ClassDAO.java</url>
            <bookmark id="1">
                <name/>
                <line>0</line>
                <key/>
            </bookmark>
        </file>
    </editor-bookmarks>
    <open-files xmlns="http://www.netbeans.org/ns/projectui-open-files/2">
        <group>
            <file>file:/C:/Users/Thais%20Oliveira/Documents/NetBeansProjects/SisGerenAula/web/user/login.jsp</file>
            <file>file:/C:/Users/Thais%20Oliveira/Documents/NetBeansProjects/SisGerenAula/src/java/model/DAO/UserDAO.java</file>
            <file>file:/C:/Users/Thais%20Oliveira/Documents/NetBeansProjects/SisGerenAula/web/user/register.html</file>
            <file>file:/C:/Users/Thais%20Oliveira/Documents/NetBeansProjects/SisGerenAula/src/java/model/DAO/ClassDAO.java</file>
            <file>file:/C:/Users/Thais%20Oliveira/Documents/NetBeansProjects/SisGerenAula/src/java/model/Class.java</file>
            <file>file:/C:/Users/Thais%20Oliveira/Documents/NetBeansProjects/SisGerenAula/web/class/Class.jsp</file>
            <file>file:/C:/Users/Thais%20Oliveira/Documents/NetBeansProjects/SisGerenAula/web/class/Class.html</file>
            <file>file:/C:/Users/Thais%20Oliveira/Documents/NetBeansProjects/SisGerenAula/web/course/course.html</file>
            <file>file:/C:/Users/Thais%20Oliveira/Documents/NetBeansProjects/SisGerenAula/src/java/model/DAO/CourseDAO.java</file>
            <file>file:/C:/Users/Thais%20Oliveira/Documents/NetBeansProjects/SisGerenAula/web/index.html</file>
            <file>file:/C:/Users/Thais%20Oliveira/Documents/NetBeansProjects/SisGerenAula/web/user/register.jsp</file>
            <file>file:/C:/Users/Thais%20Oliveira/Documents/NetBeansProjects/SisGerenAula/web/user/login.html</file>
            <file>file:/C:/Users/Thais%20Oliveira/Documents/NetBeansProjects/SisGerenAula/src/java/model/User.java</file>
        </group>
    </open-files>
</project-private>
